Pred,Truth
0.21394104,False
0.41653037,False
0.15983027,False
0.76554847,True
0.012438059,False
0.17986813,False
0.9310142,False
0.9083868,False
0.28769112,False
0.0027684271,False
0.99161315,True
0.7660607,False
0.076746285,False
0.003752172,False
0.008689582,False
0.15472144,False
0.33121103,False
0.31678537,False
0.010441273,False
0.040781915,False
0.004309416,False
0.30624557,True
0.09890869,False
0.07770917,False
0.4277851,False
0.00018170476,False
0.0039054453,False
0.53815097,False
0.43248624,False
0.08259037,False
0.08212921,False
0.581617,False
0.06358144,False
0.114439994,False
0.42856595,True
0.39861622,False
0.03128493,False
1.0,True
0.30700433,False
0.0023498237,False
0.6576657,False
0.099645376,True
0.8763487,False
0.34470308,False
0.38092038,False
0.06273833,False
0.002556175,False
0.18308768,False
1.3530254e-05,False
0.68216074,False
0.2263549,False
0.024179488,False
0.95812845,False
0.0011153519,False
0.08408308,False
0.025400013,False
0.05231318,False
0.3418492,False
0.14592415,False
0.030518949,False
0.009706318,False
0.00021931529,False
0.7821962,False
0.014747918,False
0.032452404,False
0.00010764599,False
0.00076186657,False
0.85859746,True
0.29024905,False
0.12777293,False
0.30755046,True
0.7348357,False
0.0072398186,False
0.0006240308,False
0.16855961,False
0.1456705,False
0.5290411,False
0.9484066,False
0.46176925,False
5.939603e-05,False
0.007181436,False
0.003563702,False
0.01870799,True
0.40125746,False
8.046627e-07,False
0.028255105,False
0.7981063,False
0.011825174,False
0.08344218,False
0.022597164,False
0.79964304,False
0.068746865,False
0.027890801,True
0.77264357,False
0.71964854,False
0.85148907,False
0.91633856,False
0.024862915,False
0.9999801,True
0.9993591,False
0.63560295,True
0.0064062774,False
0.8404207,False
0.08725664,False
0.18169013,False
0.012731433,False
0.93439823,False
0.08366424,False
0.03293383,True
0.056997985,False
0.64163685,False
0.0023332834,False
0.001631856,False
0.58706725,False
0.19265574,False
0.08985859,False
0.014594525,False
0.07256338,False
0.9209262,False
0.0033016205,True
0.14380404,False
0.10497373,False
0.0031160116,False
0.04250452,False
0.40092722,False
0.9353909,True
0.013832301,False
0.556993,False
0.003590554,False
0.4811605,False
0.0107316375,False
0.19612116,False
0.069826156,False
0.10464311,False
0.06317291,False
0.14211378,False
0.052170962,False
0.0031245053,False
0.17481276,True
0.0071638823,False
0.6780155,False
0.6645651,True
0.0050601363,False
0.005246103,False
0.0053536,False
0.81474805,False
0.16825262,False
0.17587024,False
0.92897344,False
0.001721859,False
0.022099495,False
0.014056772,False
0.045654356,False
0.23593774,True
0.18591684,False
0.83160836,False
0.00041785836,False
0.23756564,False
0.03965369,False
0.018108577,True
0.15312853,False
0.1281997,False
0.05654019,False
0.09078425,True
0.0005338788,True
0.6986568,False
0.9903358,True
0.0010951757,False
0.28942,False
0.05474505,False
0.011217445,False
0.002162099,False
0.537483,False
0.023172915,False
0.08087054,False
0.16316235,True
0.0145177245,False
0.0034621954,False
0.5312811,False
0.027303874,False
0.25727588,False
0.5347306,False
0.00027173758,False
1.3202429e-05,False
0.7067741,False
0.33509204,False
0.0009037554,False
1.9818544e-05,False
0.8372899,False
0.15496129,False
0.00027760863,False
0.21225843,False
0.0071943104,False
0.8803236,False
0.99923795,False
0.008890808,False
0.13547146,False
0.056352675,True
0.06859973,False
0.28261697,False
0.010857165,False
0.20842889,False
0.0004810989,False
0.34418336,False
0.14003512,False
0.002715677,False
0.56419176,False
0.94776833,False
0.019537687,True
0.60647523,False
0.93856275,False
0.9436588,False
0.8895378,True
0.19584802,False
0.25992107,True
0.999243,True
0.14379501,False
0.094557405,False
4.094839e-05,False
0.05066192,False
0.5920006,False
0.43832165,False
0.392426,False
0.74270517,False
0.0016158521,False
0.22480348,False
0.033879906,False
0.0043627024,False
0.2125712,True
0.28110433,False
0.03885737,False
0.0052980185,False
0.02693531,False
0.0040064156,False
0.18378472,False
0.12149304,False
0.9702169,False
0.4814401,False
0.033835202,False
0.0022877157,True
0.13110161,False
0.0067350566,False
0.070592165,False
0.3809725,False
0.6421532,False
0.121483356,False
0.22406629,False
0.00557521,False
0.4977672,False
0.000957191,False
0.00017872453,False
0.24986711,False
0.8150915,False
0.5107481,False
0.8856666,False
0.045332223,False
0.5445648,False
0.03462711,False
0.9381796,False
0.0,False
0.36521325,False
0.38699314,False
0.067193836,False
0.3873704,False
0.027458727,False
0.8046218,False
0.030214101,False
0.17414898,False
0.0072954297,False
0.06928706,False
0.27384302,False
0.77196956,False
2.95043e-06,False
0.011505067,False
0.4828997,False
0.0010386705,False
0.8695533,False
0.07372862,False
0.021450609,False
0.45093283,False
0.009004563,False
0.011958271,False
0.5492972,False
0.020382047,False
0.051487476,False
0.09035733,False
0.99836326,False
0.31288746,False
0.114076704,False
0.030158013,False
0.2612505,False
0.58752173,True
0.69211674,False
0.42131865,False
0.63389564,False
0.773032,False
0.4348117,False
0.0104441345,False
0.9532976,False
0.0010178983,False
0.5151682,False
0.00031024218,False
0.1795842,False
0.23410136,False
0.75097036,False
0.96066046,True
0.42678624,False
0.018655956,False
9.5427036e-05,False
0.034247905,False
0.9032438,True
0.016103178,False
0.00052651763,False
0.99493575,False
0.9444159,True
0.15303448,False
0.01699996,False
0.4002046,False
0.07549551,False
0.016328692,False
0.0011182427,False
0.0016946197,False
0.1291861,True
0.3727119,False
0.67469585,False
0.48495832,False
0.3941899,False
0.018714637,False
0.00017550588,False
0.44019526,False
0.34955892,False
0.16543293,False
0.014618129,False
0.18874457,False
0.6229282,True
0.25076497,False
0.993708,False
0.0026361346,False
0.123243004,False
0.09273428,False
1.3202429e-05,False
0.009378761,False
0.00024044514,False
0.9993143,True
0.2869255,False
0.7932251,False
0.008604616,False
0.7358268,False
0.033128887,False
0.030236572,False
0.079741955,False
0.25066972,True
0.86280215,False
0.8635587,False
0.026412219,False
0.24457538,False
0.53997445,False
0.11964005,False
0.0015572011,False
0.5085682,False
0.016806245,False
0.0017656088,False
0.009251535,False
0.00068703294,False
0.9340564,False
0.08446947,False
0.6098741,False
0.15315273,True
0.15882316,False
0.10170832,False
0.35164288,False
0.25508678,False
0.01674503,False
0.27487558,False
0.6498077,False
0.40721345,False
0.74684983,True
0.0015861392,False
0.3330518,False
0.10875973,False
0.62396336,False
0.19261912,False
0.02665025,False
0.6969968,False
0.17897323,False
0.12939546,False
0.5119744,False
0.0051579475,False
1.0,True
0.0003299117,True
0.6227371,False
0.60273284,True
0.00013321638,False
0.19053203,False
0.9910239,False
0.015166283,False
0.9549592,False
0.015951544,False
0.45778063,False
0.99970776,True
0.1707494,False
0.040661275,False
0.0012786984,False
0.0035013258,False
0.000156641,False
0.00059229136,False
0.015506417,False
0.00055223703,False
0.12787646,False
0.01061371,False
0.009285867,False
0.027303904,False
0.008071333,False
0.00043803453,False
0.00021547079,False
0.014349014,False
0.054782063,False
0.014043421,False
0.014980465,False
0.08739233,False
0.65423244,True
0.06485352,False
0.41981816,False
0.0104056895,False
0.0004335642,False
0.031406015,False
0.23887932,False
0.11469981,False
0.48295638,False
0.75553423,False
0.010692924,False
0.32740986,False
0.81089175,False
0.15566647,True
0.3551934,False
0.003989786,False
0.043584555,False
0.54092634,False
0.0007225573,False
0.94156206,False
0.12739575,False
0.0028287768,False
0.3707112,False
0.89268434,True
0.109644085,False
0.31868047,False
0.00039181113,False
0.48934767,False
0.96582633,False
0.4757948,True
0.13724566,False
0.003183484,False
0.68285584,False
0.022091836,False
0.0071755648,False
0.0039011538,False
1.8268824e-05,False
0.5871239,False
0.0009900928,False
5.221367e-05,False
0.7966043,False
0.3972751,True
0.007635534,False
0.071956754,False
0.0054842234,False
0.00010189414,False
0.998698,True
0.46624964,False
0.86382425,False
0.0010966659,False
0.78301525,False
0.09823191,False
0.0007082224,False
0.18208939,True
0.8255085,False
0.0018337071,False
0.99824893,False
0.11660808,False
0.19843906,False
0.018681765,False
8.9645386e-05,False
0.021147877,False
0.0006392598,False
0.8791289,False
0.30668387,False
0.002694726,False
0.017868996,False
0.02000755,False
0.00023037195,False
0.07120624,False
0.18445605,False
0.022054553,False
0.80217564,False
0.4145997,False
0.0077564716,False
0.11810583,False
0.13989562,False
0.0012277663,False
0.74935097,True
0.02591756,False
0.27130663,True
0.00041520596,False
0.14331222,False
0.03730187,False
0.47120157,True
0.0076422095,False
0.58813655,False
0.008833319,False
0.051276833,False
0.3688663,False
0.0030839443,False
0.08610615,False
0.29288527,False
0.0016621649,False
0.00016993284,False
0.5880122,False
0.8974049,True
0.41992438,False
0.9476921,False
0.083765954,False
0.019767016,False
1.0,True
0.40133703,False
0.9834683,False
0.0031656623,False
0.010190815,False
0.8621419,True
0.01919043,False
0.9378751,False
0.61015,False
0.98650324,True
0.26709118,False
0.55127245,False
0.99415964,False
0.4554678,False
0.005233556,True
0.45043445,True
0.90374625,False
0.13811019,False
4.9859285e-05,False
0.705539,False
0.91192496,True
0.015844733,False
0.92865014,False
0.0007817149,False
0.005720794,False
0.0013265908,False
0.009176791,False
0.00483945,False
7.9870224e-05,False
0.9907055,False
0.2093282,False
0.008465111,False
0.18834898,False
0.015372872,False
0.20796639,False
0.0004607737,False
0.78011096,True
0.08720097,False
0.036008656,False
0.014507741,False
0.19876036,False
0.005672604,False
0.016585767,False
0.0072998703,False
0.10949981,False
0.00047954917,False
0.9859637,False
0.9901133,False
0.013967186,False
0.030200273,False
0.23757198,False
0.6490929,False
0.5573226,False
0.59940916,False
0.0022830665,False
0.44672918,False
0.19116238,False
0.513807,True
0.033750206,False
0.055562317,False
0.020553082,False
0.707167,False
0.9381161,False
0.5949838,False
0.85934234,True
0.9054727,False
0.6347748,True
1.7881393e-05,False
0.09223428,False
0.46343154,False
0.98791593,False
0.16318947,False
0.42714155,False
0.9636951,False
0.00042164326,False
0.7815901,False
0.7764504,False
0.12596926,False
0.046986938,False
0.9998864,True
0.0021587312,False
7.2449446e-05,False
0.058143944,False
0.28601366,False
0.07881945,False
0.49887383,False
0.19141963,False
0.80375814,False
0.2139315,False
0.0005619824,False
0.24336585,False
0.72983205,False
0.16874808,False
6.7174435e-05,False
0.9998406,True
0.05406633,False
0.1636582,False
0.26828903,False
0.10590768,True
0.038499027,False
0.2584554,False
0.00064587593,False
0.0032442808,False
0.9999999,True
0.90757346,True
0.61449456,False
0.59548664,False
0.17967135,False
0.002426982,False
0.00011137128,False
0.056285888,False
6.1005354e-05,False
0.05983159,False
0.017047822,False
0.0013994873,False
0.012498379,False
0.04855272,False
0.39594477,False
0.524485,False
0.06256208,False
0.72658664,False
0.018585026,False
0.017501295,False
0.317469,False
0.2921136,False
0.002565086,False
0.512723,False
0.009906977,False
0.14028242,False
0.0016931593,False
0.3591733,False
0.6899713,False
0.5644269,False
0.0022223294,False
0.010590404,False
0.0034926534,False
0.020181954,False
0.0015263259,False
0.95822203,True
0.001924783,False
0.25660297,False
0.21645933,False
0.0031039715,False
0.0018694103,False
0.09163803,False
0.00013309717,False
0.4553808,False
0.7735988,False
0.89960825,False
0.018850058,False
0.001927048,False
0.47192544,False
0.36960503,True
0.11587924,False
0.1834603,False
0.5786814,False
0.009256899,False
0.15518421,False
0.96481645,False
0.0069199204,False
0.23594663,False
3.8176775e-05,False
0.019658178,False
0.017824918,False
0.03970337,False
0.74400353,True
0.53467655,False
0.99809915,True
0.0062639415,False
0.047159284,False
0.0135495365,False
0.050741136,False
0.15368992,False
0.8913801,True
0.11863285,True
0.7323001,False
0.2897601,False
0.32518423,False
0.7066065,False
0.91842806,False
0.36127532,False
0.23556682,False
0.17574176,False
0.143329,False
0.05835852,False
0.046818286,False
0.06462681,False
0.013166666,False
0.0,False
0.2040546,False
0.095294595,False
0.0025075376,False
0.20193693,False
0.02742678,False
0.5399542,False
0.9489199,True
0.0010640621,False
0.8181025,False
0.63350844,False
0.030976534,False
0.00012856722,False
0.3962605,False
0.07961735,False
0.28408086,False
0.016343296,False
0.0444251,False
0.0007953346,False
0.57293534,False
0.17227453,False
0.2553423,True
0.98173654,False
0.026095957,True
0.0053851306,True
0.008556545,False
0.0019373298,False
0.0,False
0.56472015,False
0.14686123,False
0.004791558,False
0.18790266,False
0.051229566,False
0.0005559623,False
0.83075225,False
0.14506954,False
0.7090139,False
0.10016215,False
0.3567124,False
0.0004066229,False
0.04399562,False
0.008017629,False
0.3196417,False
0.11954686,False
0.03682831,False
0.97066987,True
0.028695315,False
0.012582928,False
0.18838122,False
0.5044079,True
0.035145193,False
0.0024380386,False
0.012480468,False
0.8705051,True
0.41904408,False
0.0017109811,False
0.026206493,False
0.18875697,False
0.3969282,False
0.9854218,False
0.0038101077,False
0.33320254,False
0.46359062,False
0.86298263,True
0.0003271699,False
0.14039731,False
0.99965596,False
0.019662589,False
0.70492303,False
0.2556274,False
0.9551203,True
0.931929,True
0.00036412477,True
0.931908,True
0.14899406,False
0.060016125,False
0.9790123,True
0.06387684,False
0.95325947,True
0.27991652,False
0.11287767,False
0.0013654828,False
0.027356893,False
0.5442031,False
0.81588686,False
0.11803216,False
0.19551459,False
0.12195355,False
0.00025829673,False
0.20047462,False
0.24247712,False
0.97314084,False
0.005266905,False
0.10485032,False
0.26479357,False
0.44896287,False
0.028962642,False
0.011112809,False
0.00045144558,False
0.10598305,False
0.08265799,False
0.041969,False
0.051989228,False
0.037298054,False
0.038315386,False
0.019370288,False
0.0020008981,False
0.00028845668,False
0.045003086,False
0.8044517,True
0.012295842,True
0.31321356,False
0.63151145,False
0.91621804,True
0.0623585,False
0.008685172,False
0.027840167,False
0.53316593,False
0.17525116,False
0.31228667,False
0.44950593,False
0.0040059686,False
0.06966007,False
0.25761807,False
0.19626406,False
0.05061838,False
0.9218573,True
0.034300983,False
0.5160593,False
0.1892955,False
0.09095514,True
0.0002540052,False
0.37897766,False
0.07151595,False
0.015105784,False
0.002563268,False
0.06724414,False
0.5412017,False
0.2840158,False
0.44939682,False
0.0011157691,False
0.07767695,False
0.0068081617,False
0.97154117,True
0.3162955,False
0.0045627058,False
0.9999516,True
0.46737647,True
0.4707664,False
3.144145e-05,False
0.8202103,False
0.038109392,False
0.14302924,False
0.17587516,False
5.6624413e-05,False
0.02070874,False
0.114875555,False
0.07192135,False
0.2272836,True
0.0012265146,False
0.05354467,False
0.122119546,False
1.0,True
0.37956744,False
0.017052084,False
0.041190475,False
0.15095726,False
0.8836382,False
0.89398706,False
0.32820457,False
0.009683371,False
0.5098836,False
0.014560461,False
0.0022823215,False
0.9291678,True
0.100552976,False
0.9548698,False
4.300475e-05,False
0.98178077,False
0.1307962,False
0.041187286,False
0.33901358,True
0.023815751,False
0.024519116,False
0.809784,False
0.04440874,False
0.17540821,False
0.8963611,True
1.1205673e-05,False
0.11590749,False
0.052279174,False
0.025532603,False
0.19483522,True
0.42826426,False
0.12896582,False
0.016516745,False
0.0031782389,False
0.0004043281,False
0.057275712,False
0.0017216206,False
0.655895,True
0.9388035,True
0.06577033,False
0.030354023,False
0.70898557,True
0.087424845,False
0.029338837,False
0.08937952,False
0.0030475259,False
0.7758456,False
0.2980128,False
0.06153673,False
0.2341662,False
0.06955457,False
0.24331641,False
0.009190083,False
0.94792616,True
0.98021203,True
0.9959715,True
0.32500124,False
0.49732494,False
0.72839093,False
0.0042321384,False
0.9621037,False
0.8672979,False
0.12809744,False
0.03857842,False
0.95797724,False
3.8653612e-05,False
0.03625366,False
0.22176158,False
0.00058335066,False
0.0820055,False
0.92130494,True
0.03622684,False
0.49163997,False
0.052109152,False
0.45140687,False
0.049480498,False
0.0014768243,False
0.14075458,True
0.02878213,False
0.013422579,False
0.07957116,False
0.10982782,False
0.26577616,False
0.119785964,False
0.10733193,False
0.15477458,False
0.088029325,False
0.17901018,False
0.056316733,False
0.29333723,False
0.1454772,False
7.909536e-05,False
2.4974346e-05,False
0.7344945,False
0.83762777,False
0.27157384,False
0.15268779,False
0.9838963,True
0.0023868978,False
0.22106624,False
0.007791221,False
0.12625521,False
0.112359405,False
0.046422333,True
0.012496144,False
0.086639255,False
9.7990036e-05,False
0.30299938,False
0.9802214,False
0.68816555,False
0.023212552,False
0.018001944,False
0.7692132,False
0.087656915,True
0.8532783,False
0.0046601593,False
0.2604209,False
0.42450994,False
0.75009483,False
0.6980758,False
0.955364,False
0.8306163,False
0.026073605,False
0.03442976,False
0.0343678,False
0.98772657,False
0.4892713,False
0.016013801,False
0.97306085,True
0.0039402246,False
0.12190461,False
0.0018806458,False
0.007200569,False
0.28901494,False
0.04925543,False
0.059752047,False
0.7180025,False
0.002860576,False
0.00015121698,False
0.9291918,False
0.00012913346,False
0.0004899204,False
0.09233454,False
0.8649781,False
0.57517654,False
0.68611825,False
0.00051629543,False
0.22058076,False
0.12751898,False
0.8138205,False
0.06747958,False
0.06387502,False
0.18541583,False
0.94846535,False
0.9387455,False
0.74281454,False
8.8363886e-05,False
0.0037368834,False
0.0023352504,False
0.9796189,False
0.01169166,False
0.0065733492,True
0.0020587444,False
0.09319422,False
0.08826202,False
0.35948804,False
0.06975433,False
0.005751163,False
0.26734272,False
0.6958872,False
0.010867983,False
0.0003440678,False
0.9999938,True
0.2672543,False
0.010409981,False
0.010116756,False
0.050183684,False
0.04199329,False
0.052220315,False
0.74807733,False
0.0239954,False
0.25246948,False
0.3456024,False
0.37130332,False
0.9999763,True
0.003694266,False
0.009401679,False
0.035422385,True
0.4884367,False
0.011750221,False
0.0022791326,False
0.12656865,False
0.12533537,False
0.46279594,False
0.18503141,False
0.18690613,False
0.26618123,False
0.8777621,False
0.010652721,False
0.026144028,False
0.20653203,False
0.004792571,False
0.0010541677,False
0.853721,False
0.00022685528,False
0.0019753277,False
0.11122143,False
0.99997616,True
0.9381994,False
0.15245774,False
0.5778185,False
0.00052028894,False
0.09208119,False
0.77732134,False
0.7035775,False
0.14847359,False
0.40187305,True
0.60903263,False
0.07842982,False
0.999282,True
0.0029791296,False
0.07960364,False
0.049640477,False
0.11817527,False
0.59212744,False
0.0005516112,False
0.501693,False
0.9993689,True
0.0029831827,True
0.98210955,False
0.53662616,False
0.005035877,False
0.6179298,False
0.75088763,False
0.64030176,False
0.63898945,True
0.020751983,False
0.25362957,False
0.00025629997,False
0.13740644,False
0.079529494,False
0.9437066,False
0.053445756,True
0.68407524,False
0.0077831447,True
0.0034143925,False
0.7452662,False
0.7524923,True
0.001334697,False
0.016566306,False
0.2969029,False
0.5994742,False
0.028888881,False
0.48554325,False
0.98038864,True
0.00037282705,False
0.15997916,False
0.04807529,False
0.05271977,False
0.2796216,False
0.06360313,False
0.21431223,False
0.0049916506,False
0.020053029,False
0.08905473,False
0.0078114867,False
0.44223854,False
0.60602796,False
8.21054e-05,False
0.002724409,False
0.97260886,False
0.91304016,True
0.028094113,False
0.014200658,False
0.53280425,False
0.00061258674,False
0.084148556,False
0.5600371,False
0.9589317,False
0.00042042136,False
0.64192164,False
0.8829576,False
0.005460441,False
0.9924826,False
0.99182236,False
0.57756615,True
0.493086,False
0.106876224,False
0.0022920668,False
0.037633836,False
0.9161381,False
1.0669231e-05,False
0.5127213,False
0.0766398,False
0.17398551,False
0.3143094,False
0.4590094,False
0.85661787,False
0.019169956,False
0.88030064,False
0.0058579743,False
0.17112061,False
8.460879e-05,False
0.8721673,False
0.67241323,False
0.0038266182,False
0.79376614,False
0.110284895,False
0.008770019,True
0.16472954,False
0.0070592165,False
0.7268117,False
0.001353085,False
0.003178984,False
0.0044488907,False
0.99842644,True
0.99083126,True
0.012353569,False
0.00025942922,False
0.00044065714,False
0.98269516,True
0.111267656,False
0.048897743,False
0.03716728,True
0.00093126297,True
0.0067946017,False
0.17977661,False
0.036959052,False
0.18797591,False
0.18064386,True
0.015807271,False
0.23021623,False
0.07985535,False
0.0014768243,True
0.027878135,False
0.28682894,False
0.022537857,True
0.00028946996,False
0.5036574,False
0.0021448135,False
0.8606069,False
0.78509986,False
0.28599924,False
0.89226425,False
0.18409374,True
0.7004776,False
1.1622906e-06,False
0.011821628,False
0.010611653,False
0.063877046,True
0.59810877,False
0.016060263,False
0.00068309903,False
0.0438115,False
0.66808826,False
0.042957693,False
0.18461081,False
0.94362545,True
0.0033189356,False
0.59486777,False
3.2782555e-07,False
5.1021576e-05,False
0.21160099,False
0.32972223,False
0.7259157,False
0.00044560432,False
0.24634749,False
0.03986031,False
0.013673425,False
0.0002437532,False
0.029439658,False
0.1611841,False
0.15427065,False
0.07525352,False
0.010971308,False
0.62495464,False
0.1045607,False
0.5808021,False
0.008060485,False
0.00786832,False
0.48929167,False
0.8787569,False
0.26422262,False
9.009242e-05,False
0.27489603,False
0.05506003,False
0.24417847,True
0.15757415,False
0.5566946,False
0.7853054,False
0.04680708,False
0.0011578798,False
0.49538967,True
0.22792184,False
0.24623612,True
0.3922508,True
0.0024554431,False
0.59235054,False
0.992622,False
0.06613332,False
0.99933416,True
0.20442694,False
0.07291648,False
0.19403684,False
0.30876118,True
0.38603723,False
0.84458995,False
0.3682682,False
0.39254668,False
0.5706846,True
0.94354576,False
0.5824089,False
0.012280405,False
0.00069501996,False
0.016889185,False
0.02239737,False
0.00011652708,False
0.045985997,False
0.99978495,True
0.028223395,False
0.5077912,False
0.05204451,False
0.36978763,False
0.21679613,False
4.7504902e-05,False
0.10815841,False
0.2782498,False
0.045110166,False
0.3939197,False
0.00054210424,False
0.18349221,False
0.04925847,False
0.71078956,True
0.00018316507,False
0.040542126,False
2.3245811e-06,False
0.9181241,False
0.7337148,False
0.00010198355,False
0.041963875,True
0.021158487,False
0.0037788749,False
0.0012336373,False
0.051615834,False
0.016165912,False
9.3609095e-05,False
0.83081436,False
0.011741966,False
0.094263464,False
0.37054884,False
0.09667635,False
0.035815805,False
0.2406708,False
0.96663177,False
0.6652514,True
0.99378586,False
0.17196354,False
0.033666402,False
0.40359825,False
0.0006092787,False
0.016899794,True
0.036317915,False
0.01842311,False
0.40865394,False
0.73065627,True
0.0034354627,False
6.726384e-05,False
0.9693358,False
0.4341952,True
0.8686286,False
0.9120791,True
0.17907509,False
0.7195083,False
0.5571239,True
0.012090743,False
0.5101111,False
0.8466737,True
0.24226907,False
0.013626069,False
0.0060601532,False
0.0016181767,False
0.8838234,True
0.101597935,False
0.54067624,False
0.05978161,False
0.8779791,False
0.65993786,False
0.18604165,False
0.012663752,False
0.6674651,False
0.080358684,False
5.3048134e-06,False
0.044748515,False
0.12088558,False
0.7612525,False
0.25130475,False
0.021613657,False
0.7318104,False
0.7932911,False
0.655944,False
0.9963485,False
0.007242918,False
0.39797667,False
0.08787471,False
0.0074588954,False
0.010928392,False
0.025278538,False
0.03537363,False
0.0016382635,False
0.7732246,False
0.12068504,False
0.86176765,False
0.0004003644,False
0.031741083,False
0.0006978512,False
0.07955262,True
0.10168418,False
0.39627782,False
0.00055390596,False
0.92095137,True
0.4533793,False
0.07861209,False
0.796244,False
0.40754712,False
0.049603254,False
0.15000728,False
0.35554206,False
0.42762968,False
0.67484367,False
0.51580375,False
0.08675423,False
0.6130911,False
1.0,True
0.9768042,True
0.255019,False
0.0037011206,False
0.0004118383,False
0.5565808,False
0.99922556,True
0.15888768,False
0.025158584,False
0.0007902682,False
0.14127535,False
0.006420225,False
0.000985682,True
0.00372231,False
0.0004002452,False
0.48776427,False
0.5125321,True
0.71321917,False
0.028814405,False
0.9565654,False
0.49226585,False
0.015513599,False
0.025559276,False
0.4045421,False
0.03928092,False
0.9261831,False
0.7854023,False
0.14244685,False
0.13817996,False
0.274898,False
0.14248782,False
0.07633138,False
0.0020697117,True
0.04287243,False
0.85895014,False
0.53474617,False
0.77328265,False
0.01249212,False
0.009405702,False
0.5553712,False
0.41679066,False
0.008221984,False
0.0041130185,False
0.38563657,False
0.037829608,False
0.2755986,False
0.09067586,True
0.9928536,False
0.7641029,False
0.00031390786,False
0.00015667081,False
0.078996986,False
0.0041254163,False
0.020619959,False
0.019465864,False
0.94925535,False
0.043439925,False
0.174714,True
0.58948284,False
0.010938287,False
0.014353216,False
0.11150113,False
0.006581992,False
0.2904788,False
0.015505135,False
0.9603231,False
0.053863823,False
0.020918965,False
0.00023317337,True
0.55665743,False
0.6234601,False
0.0043846667,False
0.6427584,False
0.038220584,False
0.21127087,False
0.21289107,False
0.20426217,False
0.08377129,False
0.34340465,False
0.11016849,False
0.20352852,True
0.040944785,False
0.9998113,True
0.26060277,False
0.023542762,False
0.17169657,False
0.0021862388,False
0.67007816,True
0.042571515,False
5.6028366e-06,False
0.13744518,False
4.8607588e-05,False
0.012543142,False
0.0038651824,False
0.12944385,False
0.032598227,False
0.3001884,False
0.003973365,False
0.74709386,True
0.110133976,False
0.061257213,False
0.61642593,False
0.80870295,False
0.9939276,False
0.27541655,False
0.027243137,False
0.36717016,False
0.47823545,False
0.20969594,False
0.056559354,False
0.3568951,False
0.25401163,False
0.009242058,False
0.0013249815,False
0.30097806,False
0.0019798577,False
0.31525058,False
0.0031988919,False
0.15207228,False
0.0289163,False
0.5563197,False
0.9716053,False
0.79344165,False
0.00014361739,False
0.6290236,False
0.12342569,False
0.007819474,False
0.0006380379,False
0.0012580454,False
0.4936796,False
0.38778442,False
0.7532377,False
0.00011873245,False
0.6276286,False
0.045724034,True
2.4557114e-05,False
0.12545079,False
0.001547128,False
0.97120035,False
0.00046816468,False
0.9782697,False
0.9946261,False
0.23270017,False
0.23177797,False
0.75845593,False
0.32695112,False
0.07092178,False
0.9934913,True
0.014490843,False
0.12300289,False
0.0047158003,False
0.15262228,False
0.9719311,False
0.37985268,False
0.12498683,False
0.0035614371,False
0.9974489,False
0.32889464,False
0.24501213,False
0.010896057,False
0.87288535,True
0.071070015,False
0.0057613254,False
0.12325227,False
0.0626609,False
0.6303997,False
0.02327773,False
0.38047555,False
0.40417057,False
0.026963413,False
0.002159208,False
0.011739135,False
0.09388518,False
0.0044676363,False
0.019937843,False
0.10048598,False
0.0004104674,False
0.002332896,False
0.15163624,False
0.44845927,False
0.014656544,False
0.0013486147,False
0.016321152,False
0.07895845,False
0.99675465,False
0.586105,False
0.0047056675,False
0.0049664974,False
0.23067111,False
0.010103583,True
0.004106909,False
0.010026813,False
0.098756105,False
0.674006,False
0.94376445,False
0.9853558,True
0.005369574,False
0.063344866,False
0.1330469,False
0.02215594,False
0.030134529,True
0.95667213,True
0.9525168,False
0.00016900897,False
0.10814953,False
0.03325361,False
0.8022328,False
0.25882256,False
0.989382,True
0.009162784,False
2.3841858e-07,False
0.9929118,False
0.21705395,False
0.0073468685,False
0.24702784,False
0.12637526,False
0.00066143274,False
0.002087444,False
0.033156067,False
0.6501289,False
0.055728614,False
0.6887652,False
0.659969,False
0.5738916,True
0.91295266,False
0.014647305,False
0.0859012,False
0.00064894557,False
0.6459757,False
0.004219562,False
0.0010381639,True
0.008427978,False
0.011445999,False
0.006998956,False
6.2584877e-07,False
0.001873523,False
0.2759077,False
0.963583,True
0.08656305,False
0.3788967,False
0.89191747,True
0.0019951165,False
0.65967697,False
0.097691596,False
0.01023069,False
0.71121114,False
0.9440478,True
0.16863614,False
0.00013494492,False
0.92378914,True
6.529689e-05,False
0.39981183,False
0.33385885,False
0.010088623,False
0.35033488,True
0.1764875,False
0.9999964,True
0.9994947,True
0.9349005,True
0.012671679,False
0.012182027,False
0.82422686,False
0.03653106,False
0.19976321,False
0.6588995,True
0.0009147227,False
0.036530852,False
0.010804802,False
0.077607274,False
0.0017094612,True
0.012179643,False
0.063525766,False
0.56103903,False
0.36921012,False
0.048665762,False
0.008577019,False
0.118486315,False
0.0017900467,False
0.97030985,True
0.12645367,False
0.7740214,True
0.18542552,False
0.99372065,False
0.20677894,False
0.10862312,False
7.554889e-05,False
0.29155147,True
0.00038161874,False
0.85623825,False
0.14618084,False
0.7249944,False
0.020752579,False
0.55907124,True
0.090984344,False
0.09885901,False
0.76039547,True
0.010917574,False
0.4660347,False
0.0021217465,False
0.60153115,False
0.59961194,False
0.31377667,False
0.01829201,False
0.047865182,False
0.001650244,False
0.94487214,False
0.3203088,False
0.032983065,False
0.9999851,True
0.8017031,False
0.000880003,False
6.607175e-05,False
0.7682284,False
4.133582e-05,False
0.0015565753,False
0.5878573,False
0.17847756,False
0.30387777,False
0.0020796657,False
0.79942286,False
0.0047186017,False
0.9753312,False
0.990834,True
0.5860731,False
0.96414673,False
0.7371281,False
0.9118135,False
0.92866373,False
0.9412526,False
0.4626796,False
0.0007056892,False
0.14580762,False
0.15443313,False
0.013845593,False
0.33474743,False
0.80876404,False
0.64171237,True
0.00034669042,True
0.9276881,False
0.0149490535,False
0.7936898,False
0.92344725,True
0.036791563,False
0.28654194,False
0.00020968914,True
0.117017895,False
0.0011696517,False
0.18423119,False
0.0069948435,False
0.025346398,False
0.013609141,False
0.00010290742,False
0.007567644,False
8.940697e-08,False
0.000192523,True
0.02545008,False
0.9055066,False
0.8293517,False
5.3972006e-05,False
0.3295319,False
0.8038663,False
0.99148095,False
0.015245408,False
0.9982997,False
0.00052186847,False
0.10938063,False
0.007760942,False
0.9056525,False
0.24660853,False
0.060302317,False
0.03223476,False
0.3027413,False
0.99763453,True
0.34259057,False
6.4343214e-05,False
0.37922266,False
0.151548,False
1.5318394e-05,False
0.00063458085,False
0.007186234,False
0.043501556,False
0.0008175075,False
0.6393283,True
0.14055276,False
0.6461784,False
0.0064755976,False
0.00016537309,False
0.5696735,False
0.09923357,False
0.14383283,False
0.1175299,False
0.000611186,False
0.74788564,False
0.0682331,True
0.0022207499,False
0.053085238,False
0.96890384,True
0.06366271,False
0.1373949,False
0.0032147765,False
0.027237356,False
0.021809936,False
0.9994869,False
0.9378786,False
0.66009194,False
0.19039339,False
0.068826586,False
0.3415197,True
0.25768656,False
0.16241074,False
0.41088024,False
0.038131863,False
0.104664445,False
0.015066981,False
0.07535532,False
0.015392572,False
0.9989246,False
0.11327055,True
0.030620247,False
1.32620335e-05,False
0.9767564,True
0.45061773,False
0.017432868,False
0.6518284,False
0.44326538,False
0.998423,False
0.8938894,False
0.17495644,False
0.61087847,False
0.8762934,False
0.012970388,False
0.39928573,False
0.38204676,False
0.26872924,False
0.9557425,False
0.11288479,False
0.036653697,False
0.16370061,False
0.22914019,False
0.0017113984,False
0.1287381,False
0.075136155,False
0.8212447,False
0.016631782,False
0.085819304,False
0.0016417801,False
0.0014131069,False
0.3685457,True
0.9048747,False
0.57276356,False
0.022640467,False
0.005332887,True
0.8445257,False
0.45215762,False
0.009862959,False
0.10221407,True
0.44005162,False
0.0022006333,False
0.33804965,False
0.09732452,False
0.0066004097,False
0.01229623,False
0.045456856,False
0.10959241,False
0.0009433925,False
0.5652727,False
0.19410661,False
0.08754864,False
0.078228,False
9.432435e-05,True
0.81731737,False
0.009148955,False
0.8817835,False
0.010227829,False
0.15639296,False
0.22370678,False
0.29104835,False
0.6393594,False
0.79263365,False
0.68616414,False
0.73362565,False
0.3272504,False
0.00048279762,False
0.088335276,False
0.0873009,False
0.6435245,False
0.020310044,False
0.85164046,False
0.06014201,False
0.0029832125,False
0.00023081899,False
3.0696392e-05,False
0.8015607,False
0.79820544,False
0.00051918626,False
0.16313973,False
0.8253666,False
0.2961594,False
0.022402018,False
0.98273516,True
0.018552095,False
0.38744092,False
0.003500998,False
0.24956298,False
0.9220102,False
0.96255255,False
0.88780445,False
1.9043684e-05,True
0.8529201,False
0.9736265,True
0.007944137,False
0.1029633,True
0.029452562,False
0.40405208,False
1.0,True
0.0031197965,False
0.00011521578,False
0.54157126,False
0.0010379553,False
0.6291101,True
0.013323426,False
0.7608037,False
0.3979776,False
0.47437102,False
0.049859077,False
0.03467092,False
0.551772,True
0.7810298,False
0.999859,True
0.6562401,False
0.00061035156,False
0.0009973049,False
0.9381281,False
0.47295505,False
0.9961959,True
0.00016540289,False
1.6957521e-05,False
0.61562735,False
0.9253622,False
0.016051084,False
0.16111878,False
0.00048983097,False
0.5405241,True
0.00017231703,False
0.096939385,False
0.6190581,False
0.10673523,False
0.036840737,False
0.99927896,False
0.5639335,False
0.011818409,False
0.95512176,False
0.032286406,False
0.98980176,True
0.000933975,False
0.59969807,False
0.0004748702,False
0.0029575527,False
0.16894686,False
0.7873595,False
0.23225933,False
0.6447317,True
0.8965432,False
0.0023534,False
0.8977091,False
0.021431029,False
0.9851451,False
0.02049154,False
0.93634844,False
0.15245134,True
0.26001167,False
0.9165306,False
0.01083374,False
0.09214589,False
0.9625983,False
0.0010046661,False
0.14005703,False
0.33686244,False
0.021268457,False
0.0054855347,False
0.9632355,False
0.05803141,False
0.09131083,False
0.32612196,False
0.026694477,False
0.7006521,False
0.2589311,False
0.29106835,False
0.043638945,False
0.007530868,False
0.5342627,True
0.028290808,False
0.020949662,False
0.9978528,False
0.98228645,False
0.3154416,True
0.36483875,False
0.90087223,False
0.022506177,False
0.17763737,False
0.4749763,False
0.003839761,True
0.030075371,False
0.873019,False
0.00036036968,False
0.7092705,False
0.1587528,False
0.44410777,False
0.004055202,False
0.5317409,False
0.47477648,False
0.31624293,False
0.08155975,False
0.0002180934,False
0.0005835593,False
0.16029015,False
0.9429283,False
0.028846204,False
0.00014260411,False
0.54530054,False
0.80770504,True
0.28074697,False
0.087764144,False
0.28698182,False
0.98335934,False
0.94468486,True
0.3120159,False
0.20833316,False
0.9716966,False
0.3218557,False
0.09717816,False
0.053881824,False
0.0152694285,False
0.012444884,False
0.29201746,False
0.018743545,False
0.089249074,False
0.86423516,False
0.03995061,False
0.6156774,False
0.0002821386,False
0.049848974,False
0.006896198,False
1.21593475e-05,True
0.88931376,False
0.034272313,False
0.03496927,False
0.71790975,False
0.13584694,False
0.09192991,False
0.37507063,False
0.22186387,False
0.4518972,False
0.9078239,False
0.95645034,False
0.017440736,False
0.0023464859,False
0.9714546,False
0.042708844,False
0.0060555637,False
0.58717024,False
0.021893442,False
0.05317852,False
0.00071817636,False
0.02212882,False
0.024579376,False
0.01669076,False
0.15332574,False
0.0008355081,True
0.23262092,False
0.008698285,False
0.0076375008,False
0.22910818,False
0.58475894,False
0.00043222308,False
0.00014618039,False
0.36574382,False
0.0010717809,False
0.2581737,False
0.3454122,False
0.10634184,False
0.29068854,False
0.017174363,False
0.0004685223,False
0.15894222,False
0.51348037,False
0.17270634,True
0.37910292,False
0.10562149,False
0.00589785,False
9.149313e-05,False
0.55724084,False
0.0115228295,False
0.016538382,False
0.6972373,False
0.6817336,False
0.19619119,False
0.0012650192,False
0.22389472,False
0.42363352,False
0.0002322495,False
0.07977241,True
0.19284254,False
0.30671528,True
0.9258069,False
0.436963,False
0.09502065,False
0.11015642,False
0.22878596,False
0.0069538057,False
0.6970776,False
0.60377735,False
0.953315,False
0.0065840483,False
0.49668372,True
0.20775732,False
0.000693053,False
0.017710835,False
0.589436,False
0.025690287,False
0.0005386174,False
0.87236106,True
0.000121593475,False
0.0014171302,False
0.45813876,False
0.4361421,False
0.5015902,False
0.00529024,False
0.37005633,False
0.03892547,False
0.013929218,False
0.80194527,False
0.3396423,True
0.21864665,False
0.011053771,False
0.19832817,False
0.29226178,False
0.5240198,False
0.27516216,False
0.42396945,False
0.028306305,False
0.23185158,False
0.016881585,False
0.8109964,False
0.024637371,True
0.025029153,False
0.038726777,False
0.09127748,False
0.44184065,False
1.4603138e-06,False
0.494727,False
0.017732173,False
0.19089907,False
2.1398067e-05,False
0.063520044,False
0.02682361,False
0.08514711,False
0.000405401,False
0.7026189,True
0.9506987,False
0.618194,False
0.041547626,False
1.564622e-05,False
0.8197119,False
0.38391757,False
5.888939e-05,False
0.070979744,True
0.280874,True
0.118825704,True
0.8711066,False
0.11324605,False
0.7849154,False
0.000100791454,False
0.12537146,False
0.23575667,False
0.002568841,False
0.5456071,False
0.024777174,False
0.53187925,False
0.0016688406,False
0.0048152506,False
0.026416153,False
0.0025206804,False
0.6410683,False
0.08978814,False
0.18272978,False
0.004199505,False
0.11945367,False
0.9736186,False
0.96068215,False
0.0017022192,False
0.9936933,True
0.053414226,False
0.035711497,False
0.9919495,False
0.91741425,False
0.048914373,False
0.03904277,False
0.173383,False
0.007314384,False
0.9632244,True
0.4704149,False
0.0048949122,False
0.5607032,True
0.00017026067,True
0.35064387,False
0.13385665,False
0.033222497,False
0.006704718,False
0.008030891,False
0.93460345,True
0.14446804,False
0.40510014,False
0.41720116,False
0.0022589266,False
0.00036534667,False
0.85767424,True
1.7434359e-05,False
0.49912632,True
0.13910356,False
0.74914145,False
0.20633161,False
0.011276007,False
0.0010763109,False
0.12842238,False
0.021909088,False
0.004590571,False
0.012694955,False
0.03656766,False
0.07329711,False
0.020724386,False
0.43990895,False
0.18219805,False
0.0018937588,False
0.03795919,False
0.9962195,False
0.01368773,False
0.12140578,False
0.0,False
0.60553455,False
0.00070920587,False
0.00033167005,False
0.2912406,False
0.99996334,True
0.44865516,False
0.00094625354,False
0.25482637,False
0.9255438,False
0.1780797,False
2.554059e-05,False
0.019116074,False
0.6311411,False
0.002818048,False
0.85451734,False
0.0029467046,False
0.15945524,False
0.9480597,False
0.2234332,False
0.0037457645,False
0.0013662875,False
0.16332603,False
0.6095686,False
0.0037934184,False
0.18232468,False
0.012198746,False
0.8282206,False
0.011885285,False
0.008286953,False
0.7721869,False
0.5317385,False
0.005309701,False
0.6077624,False
0.09008643,False
0.6137157,False
0.014651686,False
0.0010488033,False
0.44453958,False
2.8908253e-06,False
0.0014050305,False
0.059453666,False
0.6241766,True
0.3923316,False
0.49081212,False
0.18893051,False
0.74685544,True
8.6426735e-07,False
0.017301917,False
0.14985391,False
0.026667118,False
0.00043058395,False
0.012217402,False
0.78803766,False
9.23872e-07,False
0.00030609965,False
0.0052571297,False
0.015217721,False
0.018243074,False
0.0028821826,False
0.5138445,False
0.61176467,False
0.0046369135,False
0.0027734041,False
0.39902276,False
0.8833968,False
0.6126373,False
0.005598098,False
0.0021701753,False
0.082084,False
0.7030121,False
0.9177381,False
0.24665082,False
0.009989083,True
0.46064135,False
0.00087729096,False
0.00062665343,False
0.03244421,False
0.039363414,False
0.001254648,False
0.5980587,True
0.9343945,False
0.901935,False
0.2356292,False
0.8553306,False
0.70607126,False
0.62470347,False
0.97183895,False
0.12110153,False
0.57183635,False
0.90119815,False
0.011205286,False
0.033752084,False
0.023756027,False
0.040760577,False
0.017532617,False
0.024805546,False
0.02628097,False
0.9330425,True
0.08029848,False
0.537315,False
0.0041250885,False
0.05453968,False
0.533415,False
0.15346399,False
0.02383843,False
0.35420796,False
0.007236719,False
0.086009175,False
0.009566516,False
0.0018929243,False
0.120539606,False
0.0018334687,False
2.002716e-05,False
0.623519,False
1.0,True
0.005707383,False
0.005946964,False
0.14280102,False
0.0014351904,False
0.022172034,False
0.3044837,False
0.011562675,False
0.02310735,False
0.57536316,False
0.13829207,False
0.0017901361,False
0.65198946,True
0.21180075,False
0.20830527,False
0.5777719,False
0.32534134,False
0.68634415,True
0.0006055832,False
0.048374444,False
0.10182819,False
0.058709502,False
0.39605805,True
0.038318574,False
0.36901617,False
0.06333482,False
0.25741386,False
0.8663585,False
0.08081427,False
0.0011593103,False
0.019400537,False
0.002151817,False
0.97897804,False
0.34834513,False
0.41217968,False
0.89381194,False
0.0004274249,False
0.0039952993,False
0.015186608,False
0.0005155206,False
0.08798987,True
0.014772505,False
0.28109127,False
0.08892149,False
0.015612394,False
0.5759801,True
0.9271445,False
0.031703234,False
0.0046209395,False
0.7327696,False
0.41124794,False
0.14191723,False
0.053198367,False
0.2076444,False
0.10806331,False
0.011577189,False
0.8115945,False
0.02713114,False
0.21595141,False
0.19369876,False
0.79221725,False
0.012057841,False
0.00010582805,False
0.6776589,False
0.9132699,False
0.98034877,False
0.08941707,False
0.000121086836,False
0.010974556,False
0.46509776,True
0.076996386,False
0.35604888,False
0.052575737,False
0.5969984,False
0.20311981,False
0.00034049153,False
0.6653817,False
7.709861e-05,False
0.98987335,False
0.046650648,False
0.15167996,False
0.087383896,False
0.00022569299,True
0.00065371394,False
0.9239483,True
0.10868099,False
0.69246364,False
0.23575535,False
0.51804256,False
0.98416746,False
0.016321957,False
0.27473634,False
0.24657944,False
0.033905566,False
0.027424037,False
0.13264549,False
0.046279103,False
0.99919444,False
0.4726898,False
0.08407268,False
0.0021242797,True
0.00057020783,False
0.9974295,True
0.41030726,False
0.10588279,True
0.31589884,False
0.10859299,False
0.01181367,False
0.6725209,True
0.9657041,False
0.025730908,False
0.06354764,False
0.66728926,False
0.39178345,False
0.9352577,False
0.0014568567,False
0.09952283,False
0.97181916,True
1.0,True
0.0619528,False
0.058704317,False
0.63642293,True
0.56158584,True
0.32165408,False
0.36557543,False
0.21929476,False
0.024637401,False
0.0013200641,False
0.3796128,True
0.1349231,False
0.9352598,False
0.0046445727,False
0.08593002,False
0.0012082756,False
0.019728005,False
0.12505046,False
0.9944226,False
1.0,True
0.0029868782,False
0.35625154,False
0.32840234,False
0.0016819239,False
7.715821e-05,False
0.08867103,False
0.22499558,True
0.0005069077,False
0.0054659247,False
0.9311838,False
0.1419496,False
0.7911248,True
0.2398532,False
0.38951293,False
0.020742267,False
0.5176947,False
0.0079391,False
0.49750206,True
0.0053831637,False
0.0012661219,False
0.6393085,False
0.017281324,False
0.86549175,True
0.00036761165,False
0.0672127,False
0.35450727,False
0.41556737,True
0.059107214,False
0.9999758,True
0.0003386438,False
0.08268097,False
0.0011173487,False
0.11679214,False
0.8540493,False
0.0064072013,False
0.9022422,True
0.008733064,False
0.003138423,True
0.02881816,False
0.003551513,False
0.055941403,False
0.7749983,False
0.290905,False
0.00078204274,False
0.2664299,False
0.9867599,False
0.7014783,False
0.3273139,False
0.006886989,False
0.72898316,False
0.98242736,True
0.01753825,False
0.09393653,False
0.62691903,False
0.8882264,True
0.6423171,False
0.6087116,False
0.067670256,False
0.3515506,False
1.0,True
0.08457437,False
0.018940836,False
0.0015982687,False
0.0014899671,False
0.018121302,False
0.009996295,False
0.29086968,False
0.007844299,False
0.14785257,False
0.26466417,False
0.45036295,False
0.38931784,False
0.9298378,False
0.9931513,False
0.07524276,False
6.8604946e-05,False
0.03289199,False
0.00010475516,False
0.3583754,False
0.813285,False
0.9979696,False
0.43201965,False
0.0014872551,False
0.81767774,False
0.036945313,False
0.07334116,False
0.00034219027,False
0.041440934,True
1.0818243e-05,False
0.13416898,False
0.0002001226,True
0.045788765,False
7.867813e-06,False
0.20296198,False
0.089598864,False
0.6258322,False
0.8979124,False
0.9472501,True
0.044658512,False
0.03752953,False
0.021470636,False
0.8326894,False
0.0034396052,False
0.0017007589,False
0.06238264,False
0.191969,False
0.013602078,False
0.9750793,True
0.19825971,False
0.72284657,False
0.94952446,False
0.039824843,False
0.2545643,False
0.61079913,False
0.0017274618,False
0.71448714,False
0.6238717,False
0.002945125,False
0.01607269,False
0.00014552474,False
0.0056658685,False
0.00043281913,False
0.11097726,False
0.4138085,False
0.92732954,False
0.2737314,True
0.027809978,False
0.00382334,False
0.0305157,False
0.48899204,False
0.9293133,True
0.08790091,False
0.46662956,False
0.29452693,True
0.0048036277,False
0.111358196,False
0.101991415,False
0.0010667145,False
0.0016962588,False
0.43059343,False
0.011240929,False
0.9408423,True
0.98893905,False
0.97138745,False
0.020509511,False
0.88010585,False
0.0030656457,False
0.014155209,False
0.023188442,False
0.040736854,False
0.0037104487,False
0.00021827221,False
0.0029597878,False
0.07291329,False
0.007537544,False
0.10210788,False
0.006175846,True
0.4721935,False
3.2812357e-05,False
0.025055796,False
0.07653606,False
0.29113373,False
0.0035847425,False
0.07633346,False
0.7612052,False
0.016655236,False
0.9762796,False
0.54022527,False
0.0012789667,False
0.090862155,False
1.0222197e-05,False
0.9784433,True
0.021206409,False
0.003656,False
0.06351438,False
0.0015915334,False
0.2499794,False
0.0001346767,False
0.28467184,False
0.21000615,False
0.0022666454,False
0.010681599,False
0.79615533,False
0.62917316,True
0.68349725,False
0.104711354,False
0.50813437,False
0.7397119,False
0.42015752,False
0.18339819,False
0.014199227,False
0.69574887,False
0.00010624528,False
0.030195624,False
0.00017240644,False
0.48742995,True
0.011307299,False
0.012979537,False
0.5395968,False
0.5297997,False
0.36177582,False
0.9468841,True
1.7225742e-05,False
0.97999525,True
0.025804967,False
0.06723964,False
0.056541443,False
0.015156865,False
0.07644272,False
0.019839764,False
0.019673675,False
0.98757446,False
0.29817212,False
0.06454471,False
0.09353748,False
0.2799998,False
0.2851405,False
0.010962456,False
0.8501011,False
0.9005493,False
0.22158185,True
0.13287547,False
0.01741317,False
0.0067421794,False
0.105874956,False
0.000561893,False
0.021990538,False
0.023461372,False
0.009136677,False
0.64815134,True
0.48488745,False
0.86142504,False
0.0115790665,False
0.016496241,False
0.4225654,False
0.05382341,False
0.9645076,True
0.002357483,False
0.07645947,False
0.14416882,False
0.31726515,False
0.035654634,False
0.0002821982,False
0.51660454,False
0.02623555,False
0.65608525,False
0.78181076,False
0.9705534,False
0.94931495,False
0.033296615,False
0.25294876,False
0.00096690655,False
0.0062993765,False
0.80456877,True
0.10332802,False
0.010643601,False
0.015863955,False
0.6673476,False
0.38163552,False
0.7068039,False
0.017773688,False
0.023581713,False
0.24196428,False
0.048667043,False
0.23554337,False
0.00019961596,False
0.9268373,False
0.03471905,False
0.53351486,False
0.20686969,False
0.0028794706,False
0.065906346,False
0.9527587,False
0.25844282,False
0.12432623,False
0.47983322,False
0.9003924,False
0.015599251,False
0.1398704,True
0.32442534,False
0.906591,False
0.040920347,False
0.1327478,False
0.9459691,False
0.0003965497,False
0.9180827,False
0.0004120767,False
0.7660245,False
0.026790649,False
0.4552174,True
0.010512173,False
0.00910303,False
3.671646e-05,False
0.999254,True
0.5750104,False
0.044086426,False
0.08477947,False
0.993253,False
0.9761361,True
0.22566277,False
0.0006214082,False
0.01719436,False
0.1606471,False
0.00021463633,False
0.11262256,False
0.27956897,False
0.03425622,False
0.37638617,False
0.097952664,False
0.9604753,True
0.0066556633,False
0.00026342273,False
0.83361554,True
0.23313871,False
0.022953838,False
0.0031591356,False
0.98397785,True
0.9901056,False
0.9979439,False
0.02533713,False
0.07198471,False
0.064950466,False
0.07865301,False
0.29803324,False
0.023229182,False
0.025307983,True
0.00011765957,False
0.099800766,True
0.00043445826,False
0.0026486218,False
0.27028626,False
0.80723095,False
0.7055,False
0.0056398213,True
0.7148805,True
0.0001013577,False
0.23291937,False
0.98050725,False
0.31677073,False
0.0003362894,False
0.022129208,False
0.00029152632,False
0.10341099,True
0.9504863,False
0.58749837,False
0.28926423,False
0.99464977,True
0.054007173,False
0.0070048273,False
0.14159483,False
0.1739985,False
0.15012574,True
0.86415577,True
8.696318e-05,False
0.06320262,False
0.5463967,True
0.9405186,False
0.01406616,True
0.011572927,False
0.04615137,True
0.24688745,False
0.05418703,False
0.013124585,False
0.20757324,False
0.41054732,False
0.07825124,False
0.54743946,False
0.22046247,False
0.7764573,False
0.20746607,False
0.029279739,False
0.79445565,False
0.511697,False
0.025651634,False
0.0045286417,False
0.71309114,False
0.04879543,False
0.000702858,False
0.6597344,False
0.0008010268,False
0.026693761,False
0.006565511,False
0.0015017986,False
0.006894201,False
0.026292145,False
0.010374546,False
0.029726058,False
0.059404314,False
0.75546,False
0.06618467,False
0.48134717,False
0.018583924,False
0.060990572,False
0.8978812,False
0.24221247,False
0.04842314,False
0.025722206,False
0.9645214,False
0.21244144,True
0.2562523,False
0.016450047,True
0.9920041,False
0.7667805,False
0.12957206,False
0.2257373,False
0.00868538,False
0.034646153,False
0.0050472915,True
0.0928354,False
0.49294308,False
0.05942622,True
0.049985796,False
0.5174129,False
0.06486249,False
0.01956305,False
0.09863496,True
0.13056466,False
0.00014328957,False
0.056274086,False
0.34317493,False
0.5469347,False
0.66459215,False
0.00047329068,False
0.08668858,False
0.0015178621,False
0.09921619,False
0.4897564,True
0.09518176,False
0.15279761,False
0.0018326044,False
0.0003592074,False
0.16187173,False
0.021515876,False
0.123173624,False
0.7790797,False
0.071367234,False
0.52274615,True
0.057483763,False
0.105660796,False
0.07656106,False
0.23697633,False
0.8764837,False
0.696514,False
0.011010706,False
0.37636495,False
0.50186425,False
0.47963178,False
0.0034408271,False
0.055210978,False
0.032663435,False
0.0034184754,False
0.05656606,True
0.04753965,False
0.006188035,False
0.83304864,False
0.9808204,True
0.029008806,False
0.9968276,False
0.9762979,False
0.47579044,False
0.7986232,False
0.0012090802,False
0.28612745,False
0.51514614,False
0.0066086054,False
0.026622921,False
0.00038290024,False
0.3554113,False
0.72784674,True
0.44455108,False
0.0137580335,False
0.4916911,False
0.915012,True
0.11623025,False
0.9084215,False
0.24752498,False
0.90682656,True
0.03167084,False
0.935191,False
0.2351309,False
0.8012089,False
0.4283352,False
0.1349302,False
0.07765433,False
0.13734365,False
0.91154003,True
0.8021579,False
0.7105293,False
0.35193992,True
0.6520638,False
0.2982818,False
0.36323372,True
0.0039399564,False
0.032707095,True
0.9712255,False
0.00021326542,False
0.034199804,True
0.15955654,False
0.91624147,False
0.0054157972,False
0.76264995,True
0.002961725,False
0.64723295,True
0.01943782,False
0.0030637085,False
0.9442645,True
0.02230072,False
0.082327455,False
0.20747632,False
0.00470078,False
0.7994241,False
0.46616477,False
0.11980286,False
8.973479e-05,False
0.063100934,False
0.35938415,True
0.8199079,False
0.07101324,False
0.0110655725,False
0.9993621,True
0.15967417,True
0.08928448,False
0.2997942,False
0.9999996,True
0.87579477,False
0.87696946,True
0.8823483,False
0.6692635,False
0.5651943,False
0.016231954,False
0.030785143,False
0.016015887,False
5.930662e-06,False
4.7951937e-05,False
0.7630883,False
0.15780303,False
0.34505004,True
0.81122804,False
0.044039965,False
0.3734724,False
0.6784289,False
0.2721319,True
0.5457651,False
0.008285254,False
0.047555,False
0.0024818182,False
0.0013180375,False
0.0055945516,False
0.017518222,False
0.27170888,False
0.954954,False
0.1532326,False
1.2516975e-06,False
0.014777541,False
0.90909445,True
0.12521979,False
0.23349816,False
0.7851709,False
0.11875144,False
0.9596958,True
0.008246869,True
0.03844565,False
0.0003158152,False
0.034276128,False
0.02803284,False
0.7939081,False
0.63455546,True
0.054739296,True
0.8361385,False
0.9105511,False
0.8957878,False
0.01023066,True
0.8521636,False
0.34342128,False
0.047377706,False
0.018633723,False
0.03753856,False
0.19370922,False
0.0063551664,True
0.99839467,False
0.17797324,False
0.21389282,False
0.092131525,False
0.111617506,False
0.16411936,False
0.13904825,False
0.008146554,False
0.030883908,False
0.016906798,False
0.9663657,True
0.3038358,False
0.01090917,False
0.53400695,False
0.13414866,False
0.18352327,False
0.037902147,False
0.014164269,False
0.9830586,True
0.3080855,False
0.22012421,False
0.2281943,False
0.024672747,False
0.007784903,False
0.012785375,False
0.6872281,False
0.00015631318,False
0.12063679,False
0.16855657,False
0.0006880164,False
0.0005957782,False
0.9968848,True
5.337596e-05,False
0.13825867,False
0.61378187,False
0.052297354,True
0.070141554,False
0.06593022,False
0.00021353364,False
0.00013196468,False
0.00023499131,False
0.027600378,False
0.4461162,False
0.7531944,False
0.9954021,False
0.22195256,False
0.0025797784,False
0.08413887,False
0.0014801621,False
0.000372231,True
0.44664496,False
0.09240469,False
0.83691895,True
0.06582868,False
0.24667764,False
0.85602105,False
0.0016757846,False
0.0066105127,False
0.00042429566,False
0.83470386,False
0.6321766,False
0.41114265,True
0.35602134,True
0.019496083,False
2.592802e-06,False
0.83682513,False
0.015577793,False
0.20521873,False
0.031163365,False
0.0023510754,False
0.006197363,False
0.34519207,False
0.0052678883,False
0.012220681,False
0.9558828,True
0.0316602,False
0.3345465,False
0.0144717395,False
0.83904123,True
0.9712286,False
0.16295934,False
0.31191748,False
0.5337038,False
0.05228302,False
0.34166366,False
0.19927779,False
0.38003704,False
0.00039222836,False
0.8333038,False
0.15784615,False
0.6875222,True
0.00030323863,False
0.021036297,False
0.016489238,False
0.10056913,False
0.19411549,False
0.034129262,False
0.11477828,False
0.002136767,False
5.00679e-06,False
0.8657882,True
0.53464806,False
0.006441027,False
0.10668266,False
0.012953669,False
0.6548473,False
0.055636674,False
3.758073e-05,False
0.48664308,False
0.3498423,False
0.44669738,False
0.922814,False
1.30832195e-05,False
0.9775964,False
0.43986365,False
0.9456884,True
0.8016349,False
0.004018843,False
0.003368944,False
0.18191767,False
0.0006762147,False
0.046195567,False
0.04833749,True
0.012436569,False
0.00031727552,False
0.0073174834,False
0.004049003,False
0.0003245175,False
0.47113812,False
0.73962426,False
0.03540215,False
0.98452985,True
0.16139838,False
0.9770938,False
0.42833322,False
0.008986652,False
0.88477015,True
0.51983774,False
0.03966704,False
0.41934258,False
0.05647111,False
0.3135934,True
0.002465576,True
0.25991082,False
0.9931674,False
0.5166518,True
0.03514403,False
0.1825535,False
0.25101382,False
0.3067456,False
0.09467965,False
0.8209452,False
0.016259104,False
0.0008420348,False
0.022088826,False
0.40732175,False
0.12164441,False
0.0025509596,True
0.018207848,False
0.024350673,False
0.93596196,False
0.07396448,False
0.95298994,False
0.0070626438,False
0.16562203,False
0.47021303,False
0.709777,False
0.0048511624,False
0.88933396,False
0.25317532,False
0.19682613,False
0.0035534203,False
0.0038678944,False
0.028513491,False
0.0024056733,False
0.24361491,False
0.2544152,False
0.0021226406,False
0.5043178,False
0.12218529,False
0.21626756,False
0.3303861,False
0.9904808,True
0.14470878,False
0.30406785,False
0.0024122596,False
0.69716287,False
0.31672475,False
0.00858742,False
0.08797884,False
0.28157178,False
0.07564351,False
0.046798408,False
0.034844726,False
0.0004953444,False
0.6869556,True
0.13161093,False
0.1081883,False
0.0022409558,False
0.2603444,False
0.036507875,False
0.004898995,False
0.29285264,False
0.8762926,False
0.00946632,False
0.031902045,False
0.16123965,False
0.09414679,False
0.119653285,False
0.007681668,False
1.54078e-05,False
0.060928106,False
0.0743036,False
0.060412556,False
0.050120264,False
0.563667,False
0.026022136,False
0.0044204295,False
0.08831602,False
0.9207789,True
0.84552324,False
1.5944242e-05,False
0.98814416,True
0.0027470589,False
0.0002309978,False
0.5725538,False
0.42396095,False
0.00019478798,False
0.23836657,False
0.023652136,False
0.0064994097,False
0.9930561,True
0.25136203,False
0.35430896,False
0.5364269,False
0.5538088,False
0.18932274,False
0.13907778,False
0.22371933,False
0.00087067485,False
0.00039473176,False
0.0061051548,False
0.73208547,False
0.0016210675,False
0.005283743,False
0.0009444952,False
0.6757691,False
0.4356195,True
0.0009407401,False
0.999998,True
0.46449703,False
0.0025784671,False
0.002394706,False
0.00022062659,False
0.59402114,True
0.0004813075,False
3.4719706e-05,False
0.025863498,False
0.008321255,False
0.003180176,False
0.018291533,False
0.0072303414,False
0.069048315,False
0.6491012,False
0.036218137,False
0.47306275,False
0.37128264,False
0.0023199022,False
0.33478546,False
0.00017657876,False
0.5997801,False
0.043962717,False
0.005721301,False
1.847744e-06,False
0.005872518,False
0.018449932,False
0.87586963,False
0.101374984,False
0.08673328,False
0.45283872,False
0.068271756,False
0.019126952,False
0.0005057454,False
0.36193988,False
0.00071009994,False
0.6325773,False
0.73025084,False
0.19515914,True
0.80925477,False
0.7349057,False
0.034516662,False
0.0022304356,True
0.14088982,False
0.004197806,False
0.049036622,False
0.6930637,False
0.026921242,False
0.64287686,False
0.08574736,False
1.1354685e-05,False
0.021187097,False
0.65205884,False
5.7429075e-05,False
0.42989874,False
0.1869452,False
0.99999994,True
0.25989157,False
0.9647562,False
0.15587458,False
0.0149745345,False
0.6612006,False
4.4584274e-05,False
0.13636541,False
0.12926143,False
0.60765237,False
0.3096698,False
0.32236615,True
0.044878036,False
4.515052e-05,False
0.9918915,True
0.938615,False
0.07846025,False
0.08841339,False
0.70692027,True
0.003872335,False
0.17810598,False
0.24244076,False
0.5647369,False
0.00022110343,False
0.007872343,False
0.4695951,True
0.548636,False
0.00025978684,False
0.4302309,False
0.73978865,False
0.15317181,False
0.26677978,False
0.43621895,False
0.9540678,False
0.00049087405,False
0.025908768,False
0.15721568,False
0.76396096,False
0.87166524,False
0.046194762,True
0.47997594,False
0.07069203,False
0.043393403,False
0.093227446,False
0.0039326847,False
0.3320829,False
0.99997425,True
0.00078582764,False
0.9379181,True
0.98227656,True
0.010758966,False
0.18303996,False
0.010141075,False
0.934434,True
0.032209933,False
0.5068914,False
0.00043305755,False
0.0055547357,False
0.9940512,True
0.00016203523,False
0.06368336,False
0.0032716095,False
0.99996036,True
0.09532085,True
0.23696417,False
0.98816043,True
0.9744218,False
0.81720275,False
0.018216848,False
0.27602056,False
0.723638,False
0.40114003,False
0.0004516244,False
0.0010307133,False
0.11255646,False
0.7196412,False
0.026222616,False
0.14324075,False
0.006869763,False
0.24570602,False
0.3753301,False
0.06986049,False
0.2055547,False
0.74702954,False
0.9998392,True
0.31059057,False
0.030401051,False
0.55850786,True
0.07168552,False
0.123193115,False
0.59151906,False
0.0020575821,False
0.0014928281,False
0.72851604,True
0.0015049875,False
0.07270226,False
0.03520283,False
0.034683287,False
0.5302198,False
0.6539764,False
0.0209229,False
0.10083574,False
0.99995863,True
0.035599172,False
0.20681044,False
0.1444835,False
0.22925895,False
0.017133296,False
0.2308836,False
0.045674294,False
0.106363356,True
0.0072859824,False
0.7991786,False
0.007764727,False
0.31398275,True
1.3977289e-05,False
0.9964111,True
0.002656877,True
0.010974556,False
0.20620796,True
0.19025925,False
0.9885312,False
0.008830398,False
0.007363379,False
0.007412344,False
0.15861815,False
0.07299867,False
0.24992305,False
0.39155018,False
0.04337606,False
0.3572648,False
0.0060641468,True
0.12532842,False
0.77475345,True
0.72795737,True
0.05753246,True
0.00034844875,False
0.66716295,False
0.36929432,True
0.22587222,True
0.3628426,False
0.047196478,False
0.0143690705,False
0.0033089519,False
0.7215112,False
0.2594201,False
0.052360475,False
0.23633394,False
0.37077665,False
0.23988533,False
0.0020056665,False
0.0012491047,False
0.3412671,False
0.047790825,False
0.93614066,False
0.375727,False
0.8912567,False
0.04749292,False
1.2874603e-05,False
0.001211226,False
0.93039644,False
0.31187108,False
0.0001552105,False
0.5870496,False
0.87925637,True
0.02823928,False
0.2615522,False
0.23439515,False
0.046266556,False
0.9453031,False
0.12946671,False
0.021914303,False
0.0022725165,False
0.07975909,False
0.007036835,False
0.22365677,False
0.00044614077,False
0.38042226,False
0.7344086,False
0.005248219,False
0.016797006,False
0.48694015,False
0.06947479,False
0.017543793,False
0.015483886,False
0.024960369,False
0.06693128,False
0.016908497,False
0.018121481,False
0.96214145,False
0.03995511,False
0.10544741,False
0.0944975,False
0.043175757,False
1.1742115e-05,False
0.000246495,False
0.13351628,False
0.05819738,False
0.06398803,False
0.174541,False
0.10362002,False
6.464124e-05,False
0.15523481,False
0.45315036,False
0.051711023,False
0.04837951,False
0.081264585,False
0.32227108,False
0.2471224,False
0.6995532,True
0.3187962,False
0.622174,False
0.84313804,True
0.707343,False
0.35176417,False
0.07237208,False
0.002340287,False
0.78656584,False
0.0016108751,False
0.06297666,False
0.025235504,False
0.86159503,False
0.009138852,False
0.64898556,False
0.12714818,False
0.043244362,False
0.7059713,True
0.0017308295,False
0.058817744,False
0.0029010773,False
0.012666017,False
0.98199093,True
0.003240794,False
0.011373639,False
0.28658968,False
5.2899122e-05,False
0.18573284,False
0.3216646,False
0.12393382,False
0.027841449,False
0.14612573,False
0.0898186,False
0.009835303,False
0.16924295,False
0.032474846,False
1.758337e-06,False
0.99952126,False
0.033439934,False
0.36983955,True
0.9958843,False
0.05129704,False
0.6088946,True
0.023020536,False
0.92133665,False
0.0049782097,False
0.0696176,False
0.3096702,False
0.58321947,False
0.0065390766,True
0.20389068,False
0.0032966733,False
0.042220384,True
0.39422318,False
0.28116554,False
0.38447255,False
0.5552787,False
0.0017028749,False
4.142523e-06,False
0.87731457,True
0.6965551,False
0.03703341,True
0.68669677,False
0.0008122325,False
0.00013190508,False
0.99152577,False
0.009360939,False
0.0019991994,False
0.33706897,True
0.036262453,False
0.046401978,False
0.016096294,False
0.0023427308,True
0.441038,False
0.99839926,False
0.33443058,True
0.005981058,False
0.029191256,False
0.07712799,False
0.12277225,True
0.018727064,False
0.7877859,False
0.021648377,False
0.040149778,False
0.7821619,False
0.42737278,False
0.00070378184,False
0.01549381,False
0.5088989,False
0.4611132,False
0.14260721,False
0.783715,False
0.31219062,False
0.7511685,False
0.43700704,False
0.2282123,False
0.0077652633,False
0.11386198,False
0.0155441165,False
0.00024536252,False
0.5972797,False
0.3780006,False
0.017693311,False
0.096508265,False
0.5322584,False
0.25740755,False
0.0063123703,False
0.046120584,False
3.325939e-05,False
0.06611848,False
0.08911678,False
0.47724178,False
0.52039534,False
0.5379458,False
0.00056409836,False
0.041346043,False
9.128451e-05,False
0.0047260225,False
0.19038895,False
0.42796284,False
0.030296206,False
0.09803119,False
0.6298653,False
0.0064665675,False
0.748346,False
0.8209145,False
0.24468294,False
0.15481743,False
0.43188173,False
0.02691117,False
0.056136727,False
0.08268863,False
0.004376292,False
0.051615834,False
0.7831694,False
0.0009791255,False
0.08234277,False
0.12298083,False
0.27191478,False
0.026597112,False
0.6561489,False
0.0006058514,False
0.82083684,False
0.007943124,False
0.11540148,False
0.5931735,False
0.21226895,False
1.4901161e-07,True
0.02285397,False
0.2394365,False
0.88383126,False
3.8981438e-05,False
0.0005328357,False
0.0061472356,False
1.6093254e-05,False
0.48080024,False
0.014998019,True
0.16598794,True
0.12666103,False
0.7087141,False
0.061817378,False
0.63511664,False
0.12301558,False
0.053646713,False
0.019895136,False
0.036251783,False
0.025565922,False
0.00031358004,False
0.15768462,False
0.06110871,False
0.96147203,True
0.11015946,False
0.047663867,False
0.48517406,False
0.18574253,False
0.9516332,False
0.41652465,False
0.57842135,False
0.859843,True
0.90102565,False
0.13475785,False
0.517514,True
0.097895235,False
0.39799857,False
0.99057114,True
0.5129407,True
3.5107136e-05,False
0.13281918,False
0.004838139,False
0.019750744,False
0.16215727,True
0.0051609576,False
0.094020545,False
0.041708857,False
0.8046125,False
0.1893462,False
0.015688568,False
0.83901495,True
0.13883737,False
0.14265704,False
0.6792044,True
1.0728836e-06,False
0.20160401,False
0.21049395,False
0.88066185,True
0.036259025,False
0.989213,False
0.35820115,False
1.3709068e-06,True
0.12738088,False
0.3814064,False
0.99607635,False
0.22728473,False
0.037668914,False
0.025504917,False
0.8821865,False
0.0031408668,False
0.028000325,False
0.038158745,True
0.45669785,False
0.015092909,False
0.13606295,True
0.0048903227,False
0.99841875,True
0.7409623,False
0.10438353,False
0.46562338,False
0.190936,True
0.8968055,False
0.055232704,False
0.28151685,False
0.90469337,False
0.043741047,False
0.011551589,False
0.00013950467,False
0.99742615,True
0.01925522,False
0.19853649,False
0.029185802,False
0.22956058,False
0.008331209,False
0.36871475,True
0.2742448,False
0.070578754,False
0.0017884672,False
0.65238893,False
0.0049496293,False
0.37524864,False
0.19395569,False
3.4570694e-06,False
0.04916498,False
0.95484877,False
0.38760114,False
0.0012376308,False
0.0066137016,False
0.86031586,False
0.041611105,False
0.79739654,False
0.8341431,False
0.0707376,False
8.7976456e-05,False
0.032788843,False
0.0054342747,False
0.27127144,False
0.008696109,True
0.0022782981,False
0.177149,False
0.6602548,False
0.5636914,False
0.0025976896,False
0.9701202,False
0.037587106,False
0.074513525,False
0.0037280917,False
0.007982671,False
0.6473743,True
0.008528352,False
0.4536807,False
0.0035570562,False
0.2743594,False
0.0929659,False
0.48506314,False
0.00079506636,False
0.0028013885,False
0.00080022216,False
7.084012e-05,False
0.20019016,False
0.1521084,False
0.005215943,False
0.014451414,False
0.008977205,False
0.0016763508,False
0.9887482,False
0.1629098,False
0.24066225,True
0.042019904,False
0.24647522,False
0.081899285,False
6.854534e-05,False
0.11573249,False
0.07400617,False
0.034907997,False
0.643379,False
0.53788185,False
0.6465694,False
9.936094e-05,False
0.0020519793,False
0.00020489097,False
0.007675737,False
0.006940067,False
0.00016149879,False
0.013605982,False
0.037124276,False
0.09684062,False
0.010010481,False
0.0021194816,False
5.942583e-05,False
5.8412552e-05,False
0.15927112,False
1.0728836e-06,False
0.99995464,True
0.11786887,False
0.027706206,False
0.0009121001,False
7.95722e-06,False
0.012703359,False
0.27869612,False
0.020764291,False
0.1606555,False
0.0010089576,False
0.00653854,False
0.036670357,False
0.001229614,False
0.50076383,True
0.02512601,True
0.3056714,False
0.5178064,True
0.026356548,False
0.011677116,False
0.000813812,True
0.027320802,False
0.36445975,False
4.61936e-06,False
0.43539533,False
0.012391865,False
3.1650066e-05,False
0.0013274848,False
0.02074796,False
0.4974131,False
8.299947e-05,False
0.07547116,False
0.00150159,False
0.15198007,False
0.64335525,False
0.010475963,False
0.2936319,False
0.1593259,False
0.16895819,False
0.38084653,False
0.5939508,False
0.43452725,False
0.5310172,True
0.008234322,False
0.97887546,True
0.5277582,False
0.17606744,False
0.010964781,False
0.4399477,False
0.4417595,False
0.0005953014,True
0.01350674,True
0.8046955,False
0.6419817,False
0.26141542,False
0.53674465,False
0.06473851,False
0.37724438,False
0.012271464,False
0.11310506,False
0.8431207,False
0.04869646,True
0.13286826,False
0.0035519004,False
0.13987759,False
0.943066,False
0.8816588,False
0.08443892,False
0.99748766,True
0.05538726,False
0.10603228,False
0.093592614,False
0.08808917,False
0.018561095,False
0.021455884,False
0.0026605427,False
0.008420855,False
0.9955021,False
0.023148566,False
0.14977556,False
0.003991902,False
0.0007213652,False
0.8295622,False
0.3629169,True
0.28208166,False
0.002566278,False
0.96350455,False
0.61741656,False
0.21734115,False
0.99259675,True
0.07898337,False
0.08142805,False
0.07149142,False
0.33447838,False
0.17758778,False
0.001948595,False
0.026211679,False
0.7665628,False
0.65982115,False
0.00021702051,False
0.7032149,False
0.0038328767,False
0.19014663,False
0.24939945,False
0.08032599,False
0.012514323,False
0.6468194,False
0.3887347,False
0.0006442368,False
0.9154451,True
0.725448,False
0.063515425,False
0.08534554,False
0.81221163,False
0.99983126,False
0.28006846,False
0.010582596,False
2.2172928e-05,False
0.15452206,False
0.6594683,True
0.08216953,False
0.423854,False
0.00027269125,False
0.16129443,False
0.008679241,False
0.14888525,False
2.1457672e-06,False
0.38997668,False
0.7331148,False
0.00016519427,False
0.0207797,False
0.0004605055,False
0.55200607,False
0.0013684332,False
0.027001798,False
0.05302456,False
0.060526848,False
0.083263576,False
0.14309472,False
0.0047035813,False
0.43787497,False
0.84690964,True
0.49977532,False
0.001827538,False
0.09426233,False
9.006262e-05,False
0.35312623,False
3.9964914e-05,False
0.10915741,False
0.353567,False
0.6793942,False
0.8814099,False
0.8038323,False
0.6726754,False
0.00897795,False
0.0071487427,False
0.0053270757,False
0.4629628,False
0.038489163,False
0.59470266,False
0.8686522,False
0.8306179,False
0.014437348,False
0.049977392,False
0.00449574,False
0.17268121,False
0.05808267,False
0.020680696,False
0.26799437,False
0.22350892,False
0.41040912,False
0.88034254,False
0.75842184,False
0.015354276,False
0.91866004,False
0.0017193556,False
0.056845754,False
0.9715321,True
0.01868707,False
0.0077384114,False
0.007968903,False
0.030594349,False
0.25450575,False
6.124377e-05,False
0.27848595,False
0.8829547,False
4.082918e-05,False
0.0037041605,False
0.054871827,True
0.9709509,False
0.26052868,False
0.7716016,False
0.0020845234,False
0.11635691,False
0.88527554,True
0.65286595,False
0.17809117,False
0.9928925,False
0.20001829,False
0.28326964,True
0.063893855,False
0.022618532,False
0.9058434,False
0.009726107,False
0.380957,False
0.79771435,True
0.5171887,False
0.013149232,False
0.38834572,False
0.26435077,False
0.25775442,False
0.0011209846,False
0.0010306239,False
0.0046205223,False
0.50662684,False
9.357929e-06,False
0.9979185,True
0.0008611381,False
0.223807,False
0.024815649,False
0.004641652,False
0.100040495,False
0.00014212728,False
0.98475915,False
0.006718099,False
0.008690149,False
0.7260052,False
0.27585232,False
0.07914916,False
0.2558307,False
0.36025405,False
0.029583156,False
0.0039183795,False
0.7008367,False
0.99916756,True
0.23871797,True
0.90922594,True
0.35375494,True
0.0049419105,False
0.9711396,False
0.7334166,False
0.06879252,False
0.7117407,False
0.97444946,True
0.000272125,False
0.7833093,True
0.035758615,False
0.42944753,False
0.066302,False
0.32233515,False
0.9101146,False
0.011535436,False
0.77214324,False
0.37530538,False
0.0010330975,False
0.008701056,False
0.0077659786,False
0.29887274,False
0.1296005,False
0.00011628866,False
0.045008034,False
0.027444214,False
0.6700035,True
0.038627863,False
0.13514268,False
0.13389081,False
0.019966781,True
0.0056960583,False
0.06866646,True
0.012298673,False
0.6335625,False
0.8580427,False
0.68959695,False
0.31363827,False
0.98938787,False
0.060699105,False
0.06164542,False
0.037218273,False
0.015166044,False
0.11248979,False
0.053665012,False
0.3320444,False
0.030477017,False
0.8874408,False
0.00038316846,False
0.50024456,False
0.17456055,False
0.8527731,False
0.5267361,False
0.012960494,True
0.5280313,False
2.2411346e-05,False
0.5637954,False
0.0027474463,False
0.00445956,False
0.029102266,False
1.0,True
0.917518,False
0.36091128,False
0.040148735,False
0.025859714,False
0.004232198,False
0.9396156,False
0.0070364177,True
0.0051765144,False
0.009717017,False
0.085250586,False
0.55178577,False
0.0046448708,False
0.024860054,False
0.030799776,False
0.16810897,False
0.0031730235,True
0.0016084313,False
0.5481135,False
0.93960714,True
0.0047347844,False
0.09858906,False
0.068389475,False
0.17730594,True
0.22005245,False
0.17781135,False
0.006375253,False
0.27324867,False
0.44297776,False
0.0033855438,False
0.15720296,False
0.0056587756,False
0.21450964,False
0.7406911,False
0.98471427,False
8.0257654e-05,False
0.057676524,False
0.0010764301,False
0.54145026,False
0.0009923279,False
0.22619548,False
0.48077765,False
0.9824159,False
0.9324447,False
0.04878363,False
0.29707953,False
0.03358251,False
0.6265715,False
0.021232128,False
0.79202056,False
1.642108e-05,False
0.0035740733,True
0.3919776,False
0.9913753,True
0.03479585,False
0.92685556,False
0.21301115,False
0.0055807233,False
0.0030311942,False
0.1095677,False
0.1112864,False
0.06170416,False
0.013718426,False
0.25586417,False
0.09952471,False
0.28456762,False
0.19067574,True
0.07668385,False
0.00026124716,False
0.00011283159,False
4.172325e-07,False
0.3541094,False
0.35665047,False
0.26017082,False
2.5868416e-05,False
0.5492845,True
0.36920333,False
0.95316267,False
0.7532045,False
0.41431814,False
0.018284082,False
0.3194155,False
0.21677378,False
0.055047423,True
0.9899503,False
0.36146587,False
0.9826286,True
0.0032511353,False
0.29633546,False
0.37086532,True
0.01949665,False
8.6426735e-07,False
0.017914563,False
0.015654027,False
0.011040002,False
0.20652431,False
0.01593393,True
0.9996399,True
4.4703484e-06,False
9.8347664e-05,False
0.96075904,False
1.6182661e-05,False
0.00031113625,False
0.101647854,False
0.05029151,True
0.009245008,False
0.011325359,True
0.28248435,False
0.32318646,False
0.00017613173,False
0.020902365,False
0.13490826,False
0.03080076,False
0.25427902,False
0.42435196,False
0.30778033,False
0.06252843,True
0.8857792,False
0.2953288,True
0.22152469,False
0.77941,True
0.7154942,False
0.00063815713,False
0.38869375,False
0.022822082,False
0.10514802,False
0.006874442,False
0.021558404,False
0.021374434,False
0.08085728,False
5.850196e-05,False
0.89469564,False
0.0005992353,False
8.8214874e-05,False
0.01469183,False
0.006352544,False
0.027149528,False
0.7828319,False
0.028316528,False
0.11693379,False
0.002631873,False
0.0060669184,False
0.26504096,False
2.3394823e-05,False
0.7170299,False
0.050590605,True
0.0015748143,False
0.14096424,False
0.00035485625,False
0.9999997,False
0.01151666,False
0.020866513,False
0.093535185,False
0.07455364,False
0.12073061,False
0.14602381,True
0.0009688437,False
0.036955535,False
0.11376029,True
0.5794746,True
0.007635653,False
5.275011e-05,False
0.78699845,False
0.20424026,False
0.16694504,False
0.0040747225,False
0.87875295,False
0.0017628074,False
0.3144772,False
0.090135545,False
0.36200264,False
0.051739603,False
0.14235061,False
0.014233321,False
0.00310418,False
0.88236094,False
0.57964045,False
0.41252777,False
0.49282488,False
0.0007747412,False
0.36120155,False
0.08364236,True
0.040221542,False
0.9999994,True
0.0004849732,False
0.2597877,False
0.031013995,False
0.023980677,False
0.0018968582,False
0.029762149,False
0.49206695,False
0.56631935,False
0.006485045,False
0.1382148,False
0.9100754,False
0.0086123645,False
0.011004537,False
0.8653269,False
0.00026085973,False
0.0014030337,False
0.94500273,False
8.046627e-07,False
0.00829345,False
0.26067477,False
0.9264983,False
0.8345138,False
0.43250784,False
0.52841544,False
0.65336084,False
0.17152366,False
0.8143444,False
0.0028808415,False
0.8608203,False
0.3301431,True
0.00067573786,False
0.9950793,False
0.009940386,False
0.58019495,False
0.25622317,False
0.990164,False
0.0021987855,False
0.0018329918,False
0.0014405549,False
0.3149857,False
0.27917516,False
0.19052675,False
0.09576562,False
0.8855524,False
0.0056063533,False
0.18426013,False
0.12202653,False
0.7112766,False
0.905227,False
0.99999285,True
0.08500984,False
0.49451452,False
0.0001360476,False
0.14265054,False
3.811717e-05,False
0.9250009,False
0.25836366,False
